Date,Nifty,CPI,Gold,VIX,USDINR,GDP,RepoRate
2013-01-04,6016.1,104.6,88548.0,13.47,54.498001,1897753.90625,8.0
2013-01-11,5951.3,104.6,88548.0,13.27,54.557999,1897753.90625,8.0
2013-01-18,6064.4,104.6,88548.0,14.01,54.348,1897753.90625,8.0
2013-01-25,6074.6,104.6,88548.0,14.46,53.678001,1897753.90625,8.0
2013-02-01,5998.9,105.3,86422.3,14.13,53.213001,1897753.90625,7.75
2013-02-08,5903.5,105.3,86422.3,14.89,53.217999,1897753.90625,7.75
2013-02-15,5887.4,105.3,86422.3,15.09,53.917999,1897753.90625,7.75
2013-02-22,5850.3,105.3,86422.3,16.94,54.467999,1897753.90625,7.75
2013-03-01,5719.7,105.5,86864.9,14.86,54.362999,1897753.90625,7.75
2013-03-08,5945.7,105.5,86864.9,12.85,54.557999,1897753.90625,7.75
2013-03-15,5872.6,105.5,86864.9,14.66,54.353001,1897753.90625,7.75
2013-03-22,5651.3,105.5,86864.9,16.51,54.278,1897753.90625,7.5
2013-03-29,5682.5,105.5,86864.9,15.8,54.388,1897753.90625,7.5
2013-04-05,5553.2,106.1,79142.4,15.85,54.882999,1805692.307692308,7.5
2013-04-12,5528.5,106.1,79142.4,16.97,54.298,1805692.307692308,7.5
2013-04-19,5783.1,106.1,79142.4,16.36,54.022999,1805692.307692308,7.5
2013-04-26,5871.4,106.1,79142.4,14.6,54.217999,1805692.307692308,7.5
2013-05-03,5944.0,106.9,78768.3,16.28,53.807999,1805692.307692308,7.25
2013-05-10,6094.7,106.9,78768.3,16.6,54.248001,1805692.307692308,7.25
2013-05-17,6187.3,106.9,78768.3,17.74,54.778,1805692.307692308,7.25
2013-05-24,5983.5,106.9,78768.3,18.73,55.708,1805692.307692308,7.25
2013-05-31,5985.9,106.9,78768.3,16.04,56.377998,1805692.307692308,7.25
2013-06-07,5881.0,109.3,70834.6,17.35,56.838001,1805692.307692308,7.25
2013-06-14,5808.4,109.3,70834.6,19.44,57.998001,1805692.307692308,7.25
2013-06-21,5667.6,109.3,70834.6,19.19,59.568001,1805692.307692308,7.25
2013-06-28,5842.2,109.3,70834.6,18.85,60.188,1805692.307692308,7.25
2013-07-05,5867.9,111.0,79928.2,18.58,60.174999,1813138.5216346155,7.25
2013-07-12,6009.0,111.0,79928.2,18.89,59.827,1813138.5216346155,7.25
2013-07-19,6029.2,111.0,79928.2,18.27,59.737999,1813138.5216346155,7.25
2013-07-26,5886.2,111.0,79928.2,16.54,58.958,1813138.5216346155,7.25
2013-08-02,5677.9,112.4,92151.1,19.81,60.432999,1813138.5216346155,7.25
2013-08-09,5565.6,112.4,92151.1,22.04,60.723999,1813138.5216346155,7.25
2013-08-16,5507.8,112.4,92151.1,18.7,61.259998,1813138.5216346155,7.25
2013-08-23,5471.7,112.4,92151.1,27.68,64.410004,1813138.5216346155,7.25
2013-08-30,5471.8,112.4,92151.1,29.41,67.389999,1813138.5216346155,7.25
2013-09-06,5680.4,113.7,83045.5,28.53,66.008003,1813138.5216346155,7.25
2013-09-13,5850.6,113.7,83045.5,29.71,63.619999,1813138.5216346155,7.25
2013-09-20,6012.1,113.7,83045.5,24.5,62.189999,1813138.5216346155,7.5
2013-09-27,5833.2,113.7,83045.5,24.0,61.73,1813138.5216346155,7.5
2013-10-04,5907.3,114.8,81366.4,24.5,61.959999,1921538.4615384613,7.5
2013-10-11,6096.2,114.8,81366.4,23.08,61.610001,1921538.4615384613,7.5
2013-10-18,6189.3,114.8,81366.4,21.06,61.099998,1921538.4615384613,7.5
2013-10-25,6144.9,114.8,81366.4,20.64,61.450001,1921538.4615384613,7.5
2013-11-01,6307.2,116.3,78300.0,18.39,62.220001,1921538.4615384613,7.75
2013-11-08,6140.7,116.3,78300.0,19.87,62.849998,1921538.4615384613,7.75
2013-11-15,6056.1,116.3,78300.0,18.62,63.040001,1921538.4615384613,7.75
2013-11-22,5995.4,116.3,78300.0,21.14,62.990002,1921538.4615384613,7.75
2013-11-29,6176.1,116.3,78300.0,20.37,62.412998,1921538.4615384613,7.75
2013-12-06,6259.9,114.5,74504.3,21.68,61.580002,1921538.4615384613,7.75
2013-12-13,6168.4,114.5,74504.3,16.79,62.16,1921538.4615384613,7.75
2013-12-20,6274.2,114.5,74504.3,16.58,62.459999,1921538.4615384613,7.75
2013-12-27,6313.8,114.5,74504.3,14.88,61.889999,1921538.4615384613,7.75
2014-01-03,6211.1,113.6,78381.4,16.55,62.060001,1999153.8461538465,7.75
2014-01-10,6171.4,113.6,78381.4,16.18,61.779999,1999153.8461538465,7.75
2014-01-17,6261.6,113.6,78381.4,15.54,61.419998,1999153.8461538465,7.75
2014-01-24,6266.7,113.6,78381.4,15.58,62.130001,1999153.8461538465,7.75
2014-01-31,6089.5,113.6,78381.4,17.25,62.310001,1999153.8461538465,8.0
2014-02-07,6063.2,113.6,82216.5,18.94,62.23,1999153.8461538465,8.0
2014-02-14,6048.3,113.6,82216.5,17.8,62.150002,1999153.8461538465,8.0
2014-02-21,6155.4,113.6,82216.5,15.16,62.130001,1999153.8461538465,8.0
2014-02-28,6276.9,113.6,82216.5,13.955,62.02,1999153.8461538465,8.0
2014-03-07,6526.6,114.2,77146.5,14.475,60.799999,1999153.8461538465,8.0
2014-03-14,6504.2,114.2,77146.5,16.82,61.459999,1999153.8461538465,8.0
2014-03-21,6493.2,114.2,77146.5,16.91,61.333,1999153.8461538465,8.0
2014-03-28,6695.9,114.2,77146.5,18.3725,60.237999,1999153.8461538465,8.0
2014-04-04,6694.3,115.1,77715.9,22.1075,60.389999,1950576.923076923,8.0
2014-04-11,6776.3,115.1,77715.9,28.7175,60.299999,1950576.923076923,8.0
2014-04-18,6779.4,115.1,77715.9,31.16,60.290001,1950576.923076923,8.0
2014-04-25,6782.7,115.1,77715.9,31.1325,61.119999,1950576.923076923,8.0
2014-05-02,6694.8,115.8,73892.0,30.5925,60.139999,1950576.923076923,8.0
2014-05-09,6858.8,115.8,73892.0,34.3,59.93,1950576.923076923,8.0
2014-05-16,7203.0,115.8,73892.0,36.765,59.330002,1950576.923076923,8.0
2014-05-23,7367.1,115.8,73892.0,17.835,58.278,1950576.923076923,8.0
2014-05-30,7229.9,115.8,73892.0,16.69,58.900002,1950576.923076923,8.0
2014-06-06,7583.4,116.7,79090.7,15.4475,59.162998,1950576.923076923,8.0
2014-06-13,7542.1,116.7,79090.7,16.9025,59.287998,1950576.923076923,8.0
2014-06-20,7511.4,116.7,79090.7,18.7425,60.16,1950576.923076923,8.0
2014-06-27,7508.8,116.7,79090.7,17.7025,60.080002,1950576.923076923,8.0
2014-07-04,7751.6,119.2,77786.5,17.805,59.610001,1970953.876201923,8.0
2014-07-11,7459.6,119.2,77786.5,15.965,60.188,1970953.876201923,8.0
2014-07-18,7663.9,119.2,77786.5,14.965,60.599998,1970953.876201923,8.0
2014-07-25,7790.4,119.2,77786.5,14.72,60.060001,1970953.876201923,8.0
2014-08-01,7602.6,120.3,78019.3,13.8225,60.77,1970953.876201923,8.0
2014-08-08,7568.5,120.3,78019.3,14.1375,61.237999,1970953.876201923,8.0
2014-08-15,7791.7,120.3,78019.3,13.7625,60.639999,1970953.876201923,8.0
2014-08-22,7913.2,120.3,78019.3,13.7325,60.439999,1970953.876201923,8.0
2014-08-29,7954.3,120.3,78019.3,13.0625,60.610001,1970953.876201923,8.0
2014-09-05,8086.8,120.1,75131.0,13.0775,60.369999,1970953.876201923,8.0
2014-09-12,8105.5,120.1,75131.0,12.5175,60.810001,1970953.876201923,8.0
2014-09-19,8121.4,120.1,75131.0,12.325,60.689999,1970953.876201923,8.0
2014-09-26,7968.8,120.1,75131.0,13.2975,61.490002,1970953.876201923,8.0
2014-10-03,7945.5,120.1,71484.9,13.145,61.439999,2035346.1538461533,8.0
2014-10-10,7859.9,120.1,71484.9,13.155,61.02,2035346.1538461533,8.0
2014-10-17,7779.7,120.1,71484.9,16.4325,61.723,2035346.1538461533,8.0
2014-10-24,8014.5,120.1,71484.9,13.03,61.130001,2035346.1538461533,8.0
2014-10-31,8322.2,120.1,71484.9,13.265,61.432999,2035346.1538461533,8.0
2014-11-07,8337.0,120.1,73395.5,13.755,61.493,2035346.1538461533,8.0
2014-11-14,8389.9,120.1,73395.5,13.8,61.592999,2035346.1538461533,8.0
2014-11-21,8477.3,120.1,73395.5,14.165,61.923,2035346.1538461533,8.0
2014-11-28,8588.2,120.1,73395.5,12.7425,61.853001,2035346.1538461533,8.0
2014-12-05,8538.3,119.4,76125.7,12.445,61.783001,2035346.1538461533,8.0
2014-12-12,8224.1,119.4,76125.7,12.7725,62.473,2035346.1538461533,8.0
2014-12-19,8225.2,119.4,76125.7,14.5975,62.983002,2035346.1538461533,8.0
2014-12-26,8200.7,119.4,76125.7,15.07,63.513,2035346.1538461533,8.0
2015-01-02,8395.4,119.5,78053.6,15.025,63.028,2141330.829326923,8.0
2015-01-09,8284.5,119.5,78053.6,16.4725,62.667999,2141330.829326923,8.0
2015-01-16,8513.8,119.5,78053.6,16.16,62.057999,2141330.829326923,7.75
2015-01-23,8835.6,119.5,78053.6,18.565,61.598,2141330.829326923,7.75
2015-01-30,8808.9,119.5,78053.6,19.4325,61.796001,2141330.829326923,7.75
2015-02-06,8661.0,119.7,75031.3,20.615,61.733002,2141330.829326923,7.75
2015-02-13,8805.5,119.7,75031.3,20.1575,62.169998,2141330.829326923,7.75
2015-02-20,8833.6,119.7,75031.3,20.3975,62.165001,2141330.829326923,7.75
2015-02-27,8844.6,119.7,75031.3,20.58,61.754002,2141330.829326923,7.75
2015-03-06,8937.7,120.2,74283.9,15.1975,62.443001,2141330.829326923,7.5
2015-03-13,8647.7,120.2,74283.9,14.75,62.535,2141330.829326923,7.5
2015-03-20,8570.9,120.2,74283.9,15.1975,62.483002,2141330.829326923,7.5
2015-03-27,8341.4,120.2,74283.9,15.1625,62.828999,2141330.829326923,7.5
2015-04-03,8586.2,120.7,74963.6,14.4925,62.060001,2098676.983173077,7.5
2015-04-10,8780.3,120.7,74963.6,14.4175,62.313999,2098676.983173077,7.5
2015-04-17,8606.0,120.7,74963.6,14.95,62.326,2098676.983173077,7.5
2015-04-24,8305.2,120.7,74963.6,18.5,63.286999,2098676.983173077,7.5
2015-05-01,8181.5,121.6,76090.2,17.235,63.522999,2098676.983173077,7.5
2015-05-08,8191.5,121.6,76090.2,19.65,64.082001,2098676.983173077,7.5
2015-05-15,8262.3,121.6,76090.2,20.7,63.408001,2098676.983173077,7.5
2015-05-22,8458.9,121.6,76090.2,17.4125,63.625999,2098676.983173077,7.5
2015-05-29,8433.6,121.6,76090.2,17.1325,63.825001,2098676.983173077,7.5
2015-06-05,8114.7,123.0,74569.3,18.1225,64.000999,2098676.983173077,7.25
2015-06-12,7982.9,123.0,74569.3,17.805,63.999001,2098676.983173077,7.25
2015-06-19,8224.9,123.0,74569.3,16.015,63.645,2098676.983173077,7.25
2015-06-26,8381.1,123.0,74569.3,15.93,63.511002,2098676.983173077,7.25
2015-07-03,8484.9,123.6,70427.4,15.5575,63.369999,2129300.030048077,7.25
2015-07-10,8360.5,123.6,70427.4,17.4375,63.363998,2129300.030048077,7.25
2015-07-17,8609.8,123.6,70427.4,14.7825,63.481998,2129300.030048077,7.25
2015-07-24,8521.5,123.6,70427.4,15.52,63.848,2129300.030048077,7.25
2015-07-31,8532.8,123.6,70427.4,15.325,64.117996,2129300.030048077,7.25
2015-08-07,8564.6,124.8,75449.1,14.73,63.733002,2129300.030048077,7.25
2015-08-14,8518.5,124.8,75449.1,17.0175,65.268997,2129300.030048077,7.25
2015-08-21,8299.9,124.8,75449.1,16.975,65.460999,2129300.030048077,7.25
2015-08-28,8001.9,124.8,75449.1,22.0425,66.055,2129300.030048077,7.25
2015-09-04,7655.0,125.4,73123.0,24.115,66.160004,2129300.030048077,7.25
2015-09-11,7789.3,125.4,73123.0,24.745,66.319,2129300.030048077,7.25
2015-09-18,7981.9,125.4,73123.0,21.9975,66.122002,2129300.030048077,7.25
2015-09-25,7868.5,125.4,73123.0,20.6875,66.221001,2129300.030048077,7.25
2015-10-02,7950.9,126.1,74646.8,19.625,65.617996,2181838.4915865385,6.75
2015-10-09,8189.7,126.1,74646.8,19.5625,64.995003,2181838.4915865385,6.75
2015-10-16,8238.1,126.1,74646.8,17.17,64.783997,2181838.4915865385,6.75
2015-10-23,8295.4,126.1,74646.8,16.6225,65.050003,2181838.4915865385,6.75
2015-10-30,8065.8,126.1,74646.8,17.5825,65.444,2181838.4915865385,6.75
2015-11-06,7954.3,126.6,70780.9,19.2925,65.860001,2181838.4915865385,6.75
2015-11-13,7762.2,126.6,70780.9,16.905,66.047997,2181838.4915865385,6.75
2015-11-20,7856.5,126.6,70780.9,15.84,66.084999,2181838.4915865385,6.75
2015-11-27,7942.7,126.6,70780.9,16.6875,66.557999,2181838.4915865385,6.75
2015-12-04,7781.9,126.1,70125.6,16.055,66.803001,2181838.4915865385,6.75
2015-12-11,7610.4,126.1,70125.6,16.2925,66.786003,2181838.4915865385,6.75
2015-12-18,7761.9,126.1,70125.6,14.215,66.459,2181838.4915865385,6.75
2015-12-25,7861.0,126.1,70125.6,13.6525,65.940002,2181838.4915865385,6.75
2016-01-01,7963.2,126.3,75466.2,13.87,66.193001,2335953.876201923,6.75
2016-01-08,7601.3,126.3,75466.2,18.96,66.920998,2335953.876201923,6.75
2016-01-15,7437.8,126.3,75466.2,18.605,67.304001,2335953.876201923,6.75
2016-01-22,7422.4,126.3,75466.2,20.8125,67.807999,2335953.876201923,6.75
2016-01-29,7563.5,126.3,75466.2,17.9,68.093002,2335953.876201923,6.75
2016-02-05,7489.1,126.0,84498.0,18.2075,67.564003,2335953.876201923,6.75
2016-02-12,6980.9,126.0,84498.0,25.965,68.473999,2335953.876201923,6.75
2016-02-19,7210.7,126.0,84498.0,21.485,68.566002,2335953.876201923,6.75
2016-02-26,7029.7,126.0,84498.0,22.745,68.796997,2335953.876201923,6.75
2016-03-04,7485.3,126.0,81917.2,18.04,67.142998,2335953.876201923,6.75
2016-03-11,7510.2,126.0,81917.2,17.895,67.308998,2335953.876201923,6.75
2016-03-18,7604.3,126.0,81917.2,16.84,66.612,2335953.876201923,6.75
2016-03-25,7716.5,126.0,81917.2,16.43,66.906998,2335953.876201923,6.75
2016-04-01,7713.0,127.3,85277.1,16.5825,66.248001,2280838.4915865385,6.75
2016-04-08,7555.2,127.3,85277.1,16.935,66.778999,2280838.4915865385,6.5
2016-04-15,7850.4,127.3,85277.1,16.025,66.637001,2280838.4915865385,6.5
2016-04-22,7899.3,127.3,85277.1,16.5125,66.512001,2280838.4915865385,6.5
2016-04-29,7849.8,127.3,85277.1,16.5975,66.438004,2280838.4915865385,6.5
2016-05-06,7733.4,128.6,81556.1,17.17,66.601997,2280838.4915865385,6.5
2016-05-13,7814.9,128.6,81556.1,16.3275,66.750999,2280838.4915865385,6.5
2016-05-20,7749.7,128.6,81556.1,17.0625,67.476997,2280838.4915865385,6.5
2016-05-27,8156.6,128.6,81556.1,15.325,66.954002,2280838.4915865385,6.5
2016-06-03,8220.8,130.1,89144.0,15.0875,67.292,2280838.4915865385,6.5
2016-06-10,8170.0,130.1,89144.0,15.6725,66.740997,2280838.4915865385,6.5
2016-06-17,8170.2,130.1,89144.0,17.6975,67.306999,2280838.4915865385,6.5
2016-06-24,8088.6,130.1,89144.0,18.02,67.241997,2280838.4915865385,6.5
2016-07-01,8328.3,131.1,89893.9,16.29,67.500999,2335199.969951923,6.5
2016-07-08,8323.2,131.1,89893.9,15.3075,67.497002,2335199.969951923,6.5
2016-07-15,8541.4,131.1,89893.9,15.61,66.837997,2335199.969951923,6.5
2016-07-22,8541.2,131.1,89893.9,15.7125,67.153999,2335199.969951923,6.5
2016-07-29,8638.5,131.1,89893.9,15.1475,67.007004,2335199.969951923,6.5
2016-08-05,8683.1,131.1,87680.5,15.14,66.841003,2335199.969951923,6.5
2016-08-12,8672.1,131.1,87680.5,14.2125,66.739998,2335199.969951923,6.5
2016-08-19,8666.9,131.1,87680.5,14.55,66.82,2335199.969951923,6.5
2016-08-26,8572.5,131.1,87680.5,13.285,67.0056,2335199.969951923,6.5
2016-09-02,8809.6,130.9,88052.0,13.34,66.792999,2335199.969951923,6.5
2016-09-09,8866.7,130.9,88052.0,13.115,66.449997,2335199.969951923,6.5
2016-09-16,8779.8,130.9,88052.0,14.6775,66.850304,2335199.969951923,6.5
2016-09-23,8831.5,130.9,88052.0,13.34,66.622597,2335199.969951923,6.5
2016-09-30,8611.1,130.9,88052.0,18.45,66.816299,2335199.969951923,6.5
2016-10-07,8697.6,131.4,84952.4,14.835,66.687103,2368938.4014423075,6.25
2016-10-14,8583.4,131.4,84952.4,15.425,66.783997,2368938.4014423075,6.25
2016-10-21,8693.0,131.4,84952.4,14.165,66.841301,2368938.4014423075,6.25
2016-10-28,8638.0,131.4,84952.4,14.085,66.903,2368938.4014423075,6.25
2016-11-04,8433.7,131.2,80639.7,16.465,66.684502,2368938.4014423075,6.25
2016-11-11,8296.3,131.2,80639.7,15.4575,67.2145,2368938.4014423075,6.25
2016-11-18,8074.1,131.2,80639.7,18.71,67.9748,2368938.4014423075,6.25
2016-11-25,8114.3,131.2,80639.7,17.16,68.745499,2368938.4014423075,6.25
2016-12-02,8086.8,130.4,77772.2,16.6875,68.216499,2368938.4014423075,6.25
2016-12-09,8261.7,130.4,77772.2,15.525,67.405998,2368938.4014423075,6.25
2016-12-16,8139.4,130.4,77772.2,15.655,67.845001,2368938.4014423075,6.25
2016-12-23,7985.7,130.4,77772.2,15.5525,67.837997,2368938.4014423075,6.25
2016-12-30,8185.8,130.4,77772.2,15.2825,67.932999,2368938.4014423075,6.25
2017-01-06,8243.8,130.3,82282.4,15.05,67.733002,2482869.2908653845,6.25
2017-01-13,8400.3,130.3,82282.4,14.6125,68.129501,2482869.2908653845,6.25
2017-01-20,8349.3,130.3,82282.4,15.02,68.090302,2482869.2908653845,6.25
2017-01-27,8641.2,130.3,82282.4,15.17,68.149002,2482869.2908653845,6.25
2017-02-03,8740.9,130.6,83772.1,13.52,67.265602,2482869.2908653845,6.25
2017-02-10,8793.5,130.6,83772.1,13.235,66.7453,2482869.2908653845,6.25
2017-02-17,8821.7,130.6,83772.1,13.73,67.164803,2482869.2908653845,6.25
2017-02-24,8939.5,130.6,83772.1,13.7,66.6828,2482869.2908653845,6.25
2017-03-03,8897.5,130.9,80834.3,13.3625,66.8451,2482869.2908653845,6.25
2017-03-10,8934.5,130.9,80834.3,14.39,66.680496,2482869.2908653845,6.25
2017-03-17,9160.0,130.9,80834.3,11.91,65.404503,2482869.2908653845,6.25
2017-03-24,9108.0,130.9,80834.3,11.835,65.444397,2482869.2908653845,6.25
2017-03-31,9173.7,130.9,80834.3,12.15,64.790001,2482869.2908653845,6.25
2017-04-07,9198.3,131.1,81470.7,11.29,64.580002,2420261.5685096155,6.25
2017-04-14,9150.8,131.1,81470.7,11.6275,64.449997,2420261.5685096155,6.25
2017-04-21,9119.4,131.1,81470.7,11.56,64.660004,2420261.5685096155,6.25
2017-04-28,9304.0,131.1,81470.7,11.07,64.059998,2420261.5685096155,6.25
2017-05-05,9285.3,131.4,81695.2,11.3325,64.169998,2420261.5685096155,6.25
2017-05-12,9400.9,131.4,81695.2,10.8375,64.360001,2420261.5685096155,6.25
2017-05-19,9427.9,131.4,81695.2,11.785,64.871101,2420261.5685096155,6.25
2017-05-26,9595.1,131.4,81695.2,10.4475,64.545403,2420261.5685096155,6.25
2017-06-02,9653.5,132.0,80295.9,11.3075,64.372299,2420261.5685096155,6.25
2017-06-09,9668.2,132.0,80295.9,11.0675,64.243896,2420261.5685096155,6.25
2017-06-16,9588.0,132.0,80295.9,11.325,64.559998,2420261.5685096155,6.25
2017-06-23,9574.9,132.0,80295.9,11.2075,64.591003,2420261.5685096155,6.25
2017-06-30,9520.9,132.0,80295.9,11.3825,64.785103,2420261.5685096155,6.25
2017-07-07,9665.8,134.2,81314.9,10.9825,64.713303,2459384.6153846155,6.25
2017-07-14,9886.3,134.2,81314.9,11.2475,64.425797,2459384.6153846155,6.25
2017-07-21,9915.2,134.2,81314.9,11.315,64.324997,2459384.6153846155,6.25
2017-07-28,10014.0,134.2,81314.9,11.2175,64.184998,2459384.6153846155,6.25
2017-08-04,10066.0,135.4,83855.2,11.6425,63.696999,2459384.6153846155,6.0
2017-08-11,9710.8,135.4,83855.2,13.8025,64.138603,2459384.6153846155,6.0
2017-08-18,9837.4,135.4,83855.2,14.34,64.188904,2459384.6153846155,6.0
2017-08-25,9857.0,135.4,83855.2,13.1825,64.035004,2459384.6153846155,6.0
2017-09-01,9974.4,135.2,83812.1,11.9525,63.9119,2459384.6153846155,6.0
2017-09-08,9934.8,135.2,83812.1,13.0075,63.9501,2459384.6153846155,6.0
2017-09-15,10085.0,135.2,83812.1,11.47,64.154999,2459384.6153846155,6.0
2017-09-22,9964.4,135.2,83812.1,11.6325,64.802299,2459384.6153846155,6.0
2017-09-29,9788.6,135.2,83812.1,13.1725,65.360001,2459384.6153846155,6.0
2017-10-06,9979.7,136.1,82269.2,11.71,65.209999,2526915.264423077,6.0
2017-10-13,10167.0,136.1,82269.2,11.0425,65.045998,2526915.264423077,6.0
2017-10-20,10146.0,136.1,82269.2,11.54,64.904602,2526915.264423077,6.0
2017-10-27,10323.0,136.1,82269.2,11.6175,64.599998,2526915.264423077,6.0
2017-11-03,10452.0,137.6,82547.3,12.005,64.500504,2526915.264423077,6.0
2017-11-10,10321.0,137.6,82547.3,13.2675,64.968002,2526915.264423077,6.0
2017-11-17,10283.0,137.6,82547.3,13.4625,65.209999,2526915.264423077,6.0
2017-11-24,10389.0,137.6,82547.3,13.865,64.579399,2526915.264423077,6.0
2017-12-01,10121.0,137.2,82401.3,13.55,64.499397,2526915.264423077,6.0
2017-12-08,10265.0,137.2,82401.3,14.2725,64.542397,2526915.264423077,6.0
2017-12-15,10333.0,137.2,82401.3,16.4075,64.275002,2526915.264423077,6.0
2017-12-22,10493.0,137.2,82401.3,12.085,64.009697,2526915.264423077,6.0
2017-12-29,10530.0,137.2,82401.3,12.2975,64.061996,2526915.264423077,6.0
2018-01-05,10558.85,136.9,85550.2,13.415,63.369598,2704661.658653846,6.0
2018-01-12,10681.25,136.9,85550.2,14.0125,63.6721,2704661.658653846,6.0
2018-01-19,10894.7,136.9,85550.2,13.96,63.867599,2704661.658653846,6.0
2018-01-26,11069.65,136.9,85550.2,18.04,63.573101,2704661.658653846,6.0
2018-02-02,10760.6,136.4,85853.0,14.1075,63.974998,2704661.658653846,6.0
2018-02-09,10454.95,136.4,85853.0,17.7725,64.440498,2704661.658653846,6.0
2018-02-16,10452.3,136.4,85853.0,16.315,63.8909,2704661.658653846,6.0
2018-02-23,10491.05,136.4,85853.0,14.8325,64.951401,2704661.658653846,6.0
2018-03-02,10458.35,136.5,86343.7,13.805,65.150002,2704661.658653846,6.0
2018-03-09,10226.85,136.5,86343.7,14.585,65.090401,2704661.658653846,6.0
2018-03-16,10195.15,136.5,86343.7,14.33,65.014397,2704661.658653846,6.0
2018-03-23,9998.05,136.5,86343.7,15.2475,65.160004,2704661.658653846,6.0
2018-03-30,10113.7,136.5,86343.7,15.55,65.029999,2704661.658653846,6.0
2018-04-06,10331.6,137.1,87643.0,14.7975,64.861504,2601769.230769231,6.0
2018-04-13,10480.6,137.1,87643.0,14.56,65.275703,2601769.230769231,6.0
2018-04-20,10564.05,137.1,87643.0,13.7475,66.114799,2601769.230769231,6.0
2018-04-27,10692.3,137.1,87643.0,12.0375,66.900002,2601769.230769231,6.0
2018-05-04,10618.25,137.8,88088.3,12.985,66.660004,2601769.230769231,6.0
2018-05-11,10806.5,137.8,88088.3,14.425,67.389999,2601769.230769231,6.0
2018-05-18,10596.4,137.8,88088.3,13.4075,68.139999,2601769.230769231,6.0
2018-05-25,10605.15,137.8,88088.3,13.145,68.260101,2601769.230769231,6.0
2018-06-01,10696.2,138.5,85674.6,13.2225,67.434998,2601769.230769231,6.0
2018-06-08,10767.65,138.5,85674.6,12.7775,67.410004,2601769.230769231,6.25
2018-06-15,10817.7,138.5,85674.6,12.095,68.129997,2601769.230769231,6.25
2018-06-22,10821.85,138.5,85674.6,12.4475,67.830002,2601769.230769231,6.25
2018-06-29,10714.3,138.5,85674.6,13.9475,68.7967,2601769.230769231,6.25
2018-07-06,10772.65,139.8,83740.4,12.575,69.07,2618184.4951923075,6.25
2018-07-13,11018.9,139.8,83740.4,12.505,68.540001,2618184.4951923075,6.25
2018-07-20,11010.2,139.8,83740.4,13.5925,68.935097,2618184.4951923075,6.25
2018-07-27,11278.35,139.8,83740.4,12.0275,68.739998,2618184.4951923075,6.25
2018-08-03,11360.8,140.4,85285.3,12.555,68.615501,2618184.4951923075,6.5
2018-08-10,11429.5,140.4,85285.3,12.6775,69.099998,2618184.4951923075,6.5
2018-08-17,11470.75,140.4,85285.3,13.645,70.004997,2618184.4951923075,6.5
2018-08-24,11557.1,140.4,85285.3,12.7575,70.275002,2618184.4951923075,6.5
2018-08-31,11680.5,140.4,85285.3,12.4125,71.404999,2618184.4951923075,6.5
2018-09-07,11589.1,140.2,86063.7,13.7225,71.938904,2618184.4951923075,6.5
2018-09-14,11515.2,140.2,86063.7,14.25,72.027496,2618184.4951923075,6.5
2018-09-21,11143.1,140.2,86063.7,14.005,71.720001,2618184.4951923075,6.5
2018-09-28,10930.45,140.2,86063.7,16.9225,72.949997,2618184.4951923075,6.5
2018-10-05,10316.45,140.8,89839.5,18.915,74.220001,2684430.889423077,6.5
2018-10-12,10472.5,140.8,89839.5,20.5475,74.160004,2684430.889423077,6.5
2018-10-19,10303.55,140.8,89839.5,17.98,74.160004,2684430.889423077,6.5
2018-10-26,10030.0,140.8,89839.5,18.9625,73.2202,2684430.889423077,6.5
2018-11-02,10553.0,140.8,84857.1,19.1925,73.309998,2684430.889423077,6.5
2018-11-09,10585.2,140.8,84857.1,17.8775,72.900002,2684430.889423077,6.5
2018-11-16,10682.2,140.8,84857.1,18.455,71.891701,2684430.889423077,6.5
2018-11-23,10526.75,140.8,84857.1,19.555,70.834999,2684430.889423077,6.5
2018-11-30,10876.75,140.8,84857.1,18.6975,69.919998,2684430.889423077,6.5
2018-12-07,10693.7,140.1,89293.4,19.305,70.75,2684430.889423077,6.5
2018-12-14,10805.45,140.1,89293.4,15.55,71.546997,2684430.889423077,6.5
2018-12-21,10754.0,140.1,89293.4,14.3325,70.300003,2684430.889423077,6.5
2018-12-28,10859.9,140.1,89293.4,16.0725,69.989998,2684430.889423077,6.5
2019-01-04,10727.35,139.6,94109.5,16.79,70.300003,2859392.4278846155,6.5
2019-01-11,10794.95,139.6,94109.5,15.345,70.720001,2859392.4278846155,6.5
2019-01-18,10906.95,139.6,94109.5,16.2425,71.030197,2859392.4278846155,6.5
2019-01-25,10780.55,139.6,94109.5,17.435,70.989998,2859392.4278846155,6.5
2019-02-01,10893.65,139.9,93826.2,17.1225,71.199997,2859392.4278846155,6.5
2019-02-08,10943.6,139.9,93826.2,15.435,71.580002,2859392.4278846155,6.25
2019-02-15,10724.4,139.9,93826.2,15.7725,71.010002,2859392.4278846155,6.25
2019-02-22,10791.65,139.9,93826.2,16.0525,71.184998,2859392.4278846155,6.25
2019-03-01,10863.5,140.4,89738.8,18.2775,70.816002,2859392.4278846155,6.25
2019-03-08,11035.4,140.4,89738.8,15.2925,70.487503,2859392.4278846155,6.25
2019-03-15,11426.85,140.4,89738.8,15.15,69.337303,2859392.4278846155,6.25
2019-03-22,11456.9,140.4,89738.8,16.0325,68.93,2859392.4278846155,6.25
2019-03-29,11623.9,140.4,89738.8,16.6525,69.5,2859392.4278846155,6.25
2019-05-03,11712.25,142.0,90288.5,22.9825,69.4244,2734338.341346154,6.0
2019-05-10,11278.9,142.0,90288.5,25.485,70.410004,2734338.341346154,6.0
2019-05-17,11407.15,142.0,90288.5,28.37,70.235001,2734338.341346154,6.0
2019-05-24,11844.1,142.0,90288.5,19.405,69.945,2734338.341346154,6.0
2019-05-31,11922.8,142.0,90288.5,15.61,69.980003,2734338.341346154,6.0
2019-06-07,11870.65,142.9,97259.7,15.525,69.360001,2734338.341346154,5.75
2019-06-14,11823.3,142.9,97259.7,13.66,69.800003,2734338.341346154,5.75
2019-06-21,11724.1,142.9,97259.7,14.0,69.779999,2734338.341346154,5.75
2019-06-28,11788.85,142.9,97259.7,14.645,69.324997,2734338.341346154,5.75
2019-07-05,11811.15,144.2,98194.0,13.53,68.739998,2730730.769230769,5.75
2019-07-12,11552.5,144.2,98194.0,12.47,68.669998,2730730.769230769,5.75
2019-07-19,11419.25,144.2,98194.0,11.75,68.849998,2730730.769230769,5.75
2019-07-26,11284.3,144.2,98194.0,12.635,69.150497,2730730.769230769,5.75
2019-08-02,10997.35,145.0,109139.2,14.5575,69.297203,2730730.769230769,5.75
2019-08-09,11109.65,145.0,109139.2,16.0925,70.470901,2730730.769230769,5.4
2019-08-16,11047.8,145.0,109139.2,16.3575,71.720001,2730730.769230769,5.4
2019-08-23,10829.35,145.0,109139.2,17.8525,71.920403,2730730.769230769,5.4
2019-08-30,11023.25,145.0,109139.2,16.425,71.680199,2730730.769230769,5.4
2019-09-06,10946.2,145.8,105261.4,17.2725,72.220001,2730730.769230769,5.4
2019-09-13,11075.9,145.8,105261.4,14.9,72.092499,2730730.769230769,5.4
2019-10-11,11305.05,147.2,107169.8,17.2275,70.980003,2771830.829326923,5.15
2019-10-18,11661.85,147.2,107169.8,15.8775,71.422501,2771830.829326923,5.15
2019-10-25,11583.9,147.2,107169.8,16.24,71.190002,2771830.829326923,5.15
2019-11-01,11890.6,148.6,104747.5,16.28,70.970001,2771830.829326923,5.15
2019-11-08,11908.15,148.6,104747.5,15.2075,71.376503,2771830.829326923,5.15
2019-11-15,11895.45,148.6,104747.5,15.65,71.955803,2771830.829326923,5.15
2019-11-22,11914.4,148.6,104747.5,14.975,71.740501,2771830.829326923,5.15
2019-11-29,12056.05,148.6,104747.5,13.9875,71.547401,2771830.829326923,5.15
2019-12-06,11921.5,150.4,108120.0,14.305,71.385002,2771830.829326923,5.15
2019-12-13,12086.7,150.4,108120.0,13.3475,70.559898,2771830.829326923,5.15
2019-12-20,12271.8,150.4,108120.0,12.1225,71.222702,2771830.829326923,5.15
2019-12-27,12245.8,150.4,108120.0,11.1225,71.300301,2771830.829326923,5.15
2020-01-03,12226.65,150.2,113044.6,11.49,71.415001,2943600.060096154,5.15
2020-01-10,12256.8,150.2,113044.6,13.9975,71.194298,2943600.060096154,5.15
2020-01-17,12352.35,150.2,113044.6,14.1825,70.945602,2943600.060096154,5.15
2020-01-24,12248.25,150.2,113044.6,15.855,71.320999,2943600.060096154,5.15
2020-01-31,11962.1,150.2,113044.6,16.7975,71.639999,2943600.060096154,5.15
2020-02-07,12098.35,149.1,116178.9,13.78,71.470001,2943600.060096154,5.15
2020-02-14,12113.45,149.1,116178.9,13.37,71.268501,2943600.060096154,5.15
2020-02-21,12080.85,149.1,116178.9,14.0225,72.110001,2943600.060096154,5.15
2020-02-28,11201.75,149.1,116178.9,17.765,71.93,2943600.060096154,5.15
2020-03-06,10989.45,148.6,121719.1,23.2475,73.855103,2943600.060096154,5.15
2020-03-13,9955.2,148.6,121719.1,41.1625,75.300003,2943600.060096154,5.15
2020-03-20,8745.45,148.6,121719.1,72.1975,75.159698,2943600.060096154,5.15
2020-03-27,8660.25,148.6,121719.1,71.5325,74.725601,2943600.060096154,4.4
2020-06-05,10142.15,151.8,133498.2,29.69,75.490898,2101776.893028846,4.0
2020-06-12,9972.9,151.8,133498.2,29.66,76.389999,2101776.893028846,4.0
2020-06-19,10244.4,151.8,133498.2,31.455,76.400398,2101776.893028846,4.0
2020-06-26,10383.0,151.8,133498.2,29.7275,75.539803,2101776.893028846,4.0
2020-07-03,10607.35,151.8,146999.1,26.5075,74.721001,2571277.043269231,4.0
2020-07-10,10768.05,151.8,146999.1,24.9125,75.339996,2571277.043269231,4.0
2020-07-17,10901.7,151.8,146999.1,25.3625,75.1745,2571277.043269231,4.0
2020-07-24,11194.15,151.8,146999.1,24.64,74.807297,2571277.043269231,4.0
2020-07-31,11073.45,151.8,146999.1,24.7275,74.989998,2571277.043269231,4.0
2020-08-07,11214.05,153.9,144075.6,23.15,74.899803,2571277.043269231,4.0
2020-08-14,11178.4,153.9,144075.6,20.5675,75.029999,2571277.043269231,4.0
2020-08-21,11371.6,153.9,144075.6,20.6175,74.999901,2571277.043269231,4.0
2020-08-28,11647.6,153.9,144075.6,18.895,73.774498,2571277.043269231,4.0
2020-09-04,11333.85,154.7,139215.5,20.5025,73.447899,2571277.043269231,4.0
2020-09-11,11464.45,154.7,139215.5,21.2625,73.527298,2571277.043269231,4.0
2020-09-18,11504.95,154.7,139215.5,20.1,73.583603,2571277.043269231,4.0
2020-09-25,11050.25,154.7,139215.5,23.51,73.682404,2571277.043269231,4.0
2020-10-02,11416.95,156.4,139459.2,19.53,73.217003,2821030.649038461,4.0
2020-10-09,11914.2,156.4,139459.2,20.38,73.280502,2821030.649038461,4.0
2020-10-16,11762.45,156.4,139459.2,22.0575,73.371002,2821030.649038461,4.0
2020-10-23,11930.35,156.4,139459.2,22.635,73.720001,2821030.649038461,4.0
2020-10-30,11642.4,156.4,139459.2,24.0225,74.264,2821030.649038461,4.0
2020-11-06,12263.55,158.4,130527.8,20.965,74.120003,2821030.649038461,4.0
2020-11-13,12719.95,158.4,130527.8,20.62,74.864998,2821030.649038461,4.0
2020-11-20,12859.05,158.4,130527.8,19.57,74.099602,2821030.649038461,4.0
2020-11-27,12968.95,158.4,130527.8,20.0225,74.048798,2821030.649038461,4.0
2020-12-04,13258.55,158.9,137922.2,19.0,73.864899,2821030.649038461,4.0
2020-12-11,13513.85,158.9,137922.2,18.7125,73.7267,2821030.649038461,4.0
2020-12-18,13760.55,158.9,137922.2,19.1575,73.5298,2821030.649038461,4.0
2020-12-25,13749.25,158.9,137922.2,20.495,73.5578,2821030.649038461,4.0
2021-01-01,14018.5,157.3,135982.9,21.095,73.089203,3040438.4014423075,4.0
2021-01-08,14347.25,157.3,135982.9,20.615,73.445999,3040438.4014423075,4.0
2021-01-15,14433.7,157.3,135982.9,23.0275,73.087601,3040438.4014423075,4.0
2021-01-22,14371.9,157.3,135982.9,22.18,72.954903,3040438.4014423075,4.0
2021-01-29,13634.6,157.3,135982.9,24.29,72.938797,3040438.4014423075,4.0
2021-02-05,14924.25,156.6,128073.3,23.1225,72.945702,3040438.4014423075,4.0
2021-02-12,15163.3,156.6,128073.3,23.045,72.709503,3040438.4014423075,4.0
2021-02-19,14981.75,156.6,128073.3,21.5425,72.6054,3040438.4014423075,4.0
2021-02-26,14529.15,156.6,128073.3,22.8925,73.150902,3040438.4014423075,4.0
2021-03-05,14938.1,156.8,123639.0,24.15,73.131798,3040438.4014423075,4.0
2021-03-12,15030.95,156.8,123639.0,20.7475,72.639,3040438.4014423075,4.0
2021-03-19,14744.0,156.8,123639.0,20.08,72.6688,3040438.4014423075,4.0
2021-03-26,14507.3,156.8,123639.0,22.6975,72.612801,3040438.4014423075,4.0
2021-04-02,14867.35,157.8,130934.3,20.645,73.2873,2577484.675480769,4.0
2021-04-09,14834.85,157.8,130934.3,20.3125,74.544502,2577484.675480769,4.0
2021-04-16,14617.85,157.8,130934.3,20.89,74.727402,2577484.675480769,4.0
2021-04-23,14341.35,157.8,130934.3,23.025,75.091698,2577484.675480769,4.0
2021-04-30,14631.1,157.8,130934.3,23.305,74.105797,2577484.675480769,4.0
2021-05-07,14823.15,160.4,137979.1,22.035,73.615196,2577484.675480769,4.0
2021-05-14,14677.8,160.4,137979.1,20.08,73.444901,2577484.675480769,4.0
2021-05-21,15175.3,160.4,137979.1,19.6525,73.021896,2577484.675480769,4.0
2021-05-28,15435.65,160.4,137979.1,19.91,72.682999,2577484.675480769,4.0
2021-06-04,15670.25,161.3,131054.9,15.745,73.044197,2577484.675480769,4.0
2021-06-11,15799.35,161.3,131054.9,15.0025,73.012299,2577484.675480769,4.0
2021-06-18,15683.35,161.3,131054.9,15.2875,74.253899,2577484.675480769,4.0
2021-06-25,15860.35,161.3,131054.9,15.0975,74.1903,2577484.675480769,4.0
2021-07-02,15722.2,162.5,135863.2,12.84,74.544998,2824953.7259615385,4.0
2021-07-09,15689.8,162.5,135863.2,13.56,74.721397,2824953.7259615385,4.0
2021-07-16,15923.4,162.5,135863.2,12.27,74.537003,2824953.7259615385,4.0
2021-07-23,15856.05,162.5,135863.2,11.885,74.452003,2824953.7259615385,4.0
2021-07-30,15763.05,162.5,135863.2,12.945,74.251999,2824953.7259615385,4.0
